,Name,Platform,Year_of_Release,Genre,Publisher,NA_Sales,EU_Sales,JP_Sales,Other_Sales,Global_Sales,Critic_Score,Critic_Count,User_Score,User_Count,Developer,Rating
0,Wii Sports,Wii,2006.0,Sports,Nintendo,41.36,28.96,3.77,8.45,82.53,76.0,51.0,8.0,322.0,Nintendo,E
1,Mario Kart Wii,Wii,2008.0,Racing,Nintendo,15.68,12.76,3.79,3.29,35.52,82.0,73.0,8.3,709.0,Nintendo,E
2,Wii Sports Resort,Wii,2009.0,Sports,Nintendo,15.61,10.93,3.28,2.95,32.77,80.0,73.0,8.0,192.0,Nintendo,E
3,New Super Mario Bros.,DS,2006.0,Platform,Nintendo,11.28,9.14,6.5,2.88,29.8,89.0,65.0,8.5,431.0,Nintendo,E
4,Wii Play,Wii,2006.0,Misc,Nintendo,13.96,9.18,2.93,2.84,28.92,58.0,41.0,6.6,129.0,Nintendo,E
5,New Super Mario Bros. Wii,Wii,2009.0,Platform,Nintendo,14.44,6.94,4.7,2.24,28.32,87.0,80.0,8.4,594.0,Nintendo,E
6,Mario Kart DS,DS,2005.0,Racing,Nintendo,9.71,7.47,4.13,1.9,23.21,91.0,64.0,8.6,464.0,Nintendo,E
7,Wii Fit,Wii,2007.0,Sports,Nintendo,8.92,8.03,3.6,2.15,22.7,80.0,63.0,7.7,146.0,Nintendo,E
8,Kinect Adventures!,X360,2010.0,Misc,Microsoft Game Studios,15.0,4.89,0.24,1.69,21.81,61.0,45.0,6.3,106.0,Good Science Studio,E
9,Wii Fit Plus,Wii,2009.0,Sports,Nintendo,9.01,8.49,2.53,1.77,21.79,80.0,33.0,7.4,52.0,Nintendo,E
10,Grand Theft Auto V,PS3,2013.0,Action,Take-Two Interactive,7.02,9.09,0.98,3.96,21.04,97.0,50.0,8.2,3994.0,Rockstar North,M
11,Grand Theft Auto: San Andreas,PS2,2004.0,Action,Take-Two Interactive,9.43,0.4,0.41,10.57,20.81,95.0,80.0,9.0,1588.0,Rockstar North,M
12,Brain Age: Train Your Brain in Minutes a Day,DS,2005.0,Misc,Nintendo,4.74,9.2,4.16,2.04,20.15,77.0,58.0,7.9,50.0,Nintendo,E
13,Grand Theft Auto V,X360,2013.0,Action,Take-Two Interactive,9.66,5.14,0.06,1.41,16.27,97.0,58.0,8.1,3711.0,Rockstar North,M
14,Grand Theft Auto: Vice City,PS2,2002.0,Action,Take-Two Interactive,8.41,5.49,0.47,1.78,16.15,95.0,62.0,8.7,730.0,Rockstar North,M
15,Brain Age 2: More Training in Minutes a Day,DS,2005.0,Puzzle,Nintendo,3.43,5.35,5.32,1.18,15.29,77.0,37.0,7.1,19.0,Nintendo,E
16,Gran Turismo 3: A-Spec,PS2,2001.0,Racing,Sony Computer Entertainment,6.85,5.09,1.87,1.16,14.98,95.0,54.0,8.4,314.0,Polyphony Digital,E
17,Call of Duty: Modern Warfare 3,X360,2011.0,Shooter,Activision,9.04,4.24,0.13,1.32,14.73,88.0,81.0,3.4,8713.0,"Infinity Ward, Sledgehammer Games",M
18,Call of Duty: Black Ops,X360,2010.0,Shooter,Activision,9.7,3.68,0.11,1.13,14.61,87.0,89.0,6.3,1454.0,Treyarch,M
19,Call of Duty: Black Ops II,PS3,2012.0,Shooter,Activision,4.99,5.73,0.65,2.42,13.79,83.0,21.0,5.3,922.0,Treyarch,M
20,Call of Duty: Black Ops II,X360,2012.0,Shooter,Activision,8.25,4.24,0.07,1.12,13.67,83.0,73.0,4.8,2256.0,Treyarch,M
21,Call of Duty: Modern Warfare 2,X360,2009.0,Shooter,Activision,8.52,3.59,0.08,1.28,13.47,94.0,100.0,6.3,2698.0,Infinity Ward,M
22,Call of Duty: Modern Warfare 3,PS3,2011.0,Shooter,Activision,5.54,5.73,0.49,1.57,13.32,88.0,39.0,3.2,5234.0,"Infinity Ward, Sledgehammer Games",M
23,Grand Theft Auto III,PS2,2001.0,Action,Take-Two Interactive,6.99,4.51,0.3,1.3,13.1,97.0,56.0,8.5,664.0,DMA Design,M
24,Super Smash Bros. Brawl,Wii,2008.0,Fighting,Nintendo,6.62,2.55,2.66,1.01,12.84,93.0,81.0,8.9,1662.0,Game Arts,T
25,Mario Kart 7,3DS,2011.0,Racing,Nintendo,5.03,4.02,2.69,0.91,12.66,85.0,73.0,8.2,632.0,"Retro Studios, Entertainment Analysis & Development Division",E
26,Call of Duty: Black Ops,PS3,2010.0,Shooter,Activision,5.99,4.37,0.48,1.79,12.63,88.0,58.0,6.4,1094.0,Treyarch,M
27,Grand Theft Auto V,PS4,2014.0,Action,Take-Two Interactive,3.96,6.31,0.38,1.97,12.61,97.0,66.0,8.3,2899.0,Rockstar North,M
28,Animal Crossing: Wild World,DS,2005.0,Simulation,Nintendo,2.5,3.45,5.33,0.86,12.13,86.0,57.0,8.7,242.0,Nintendo,E
29,Halo 3,X360,2007.0,Shooter,Microsoft Game Studios,7.97,2.81,0.13,1.21,12.12,94.0,86.0,7.8,4100.0,"Bungie Software, Bungie",M
30,Gran Turismo 4,PS2,2004.0,Racing,Sony Computer Entertainment,3.01,0.01,1.1,7.53,11.66,89.0,74.0,8.5,272.0,Polyphony Digital,E
31,Super Mario Galaxy,Wii,2007.0,Platform,Nintendo,6.06,3.35,1.2,0.74,11.35,97.0,73.0,8.9,2147.0,Nintendo,E
32,Grand Theft Auto IV,X360,2008.0,Action,Take-Two Interactive,6.76,3.07,0.14,1.03,11.01,98.0,86.0,7.9,2951.0,Rockstar North,M
33,Gran Turismo,PS,1997.0,Racing,Sony Computer Entertainment,4.02,3.87,2.54,0.52,10.95,96.0,16.0,8.7,138.0,Polyphony Digital,E
34,Super Mario 3D Land,3DS,2011.0,Platform,Nintendo,4.89,3.0,2.14,0.78,10.81,90.0,82.0,8.4,921.0,Nintendo,E
35,Gran Turismo 5,PS3,2010.0,Racing,Sony Computer Entertainment,2.96,4.82,0.81,2.11,10.7,84.0,82.0,7.5,1112.0,Polyphony Digital,E
36,Call of Duty: Modern Warfare 2,PS3,2009.0,Shooter,Activision,4.99,3.64,0.38,1.6,10.6,94.0,67.0,6.3,2073.0,Infinity Ward,M
37,Grand Theft Auto IV,PS3,2008.0,Action,Take-Two Interactive,4.76,3.69,0.44,1.61,10.5,98.0,64.0,7.5,2833.0,Rockstar North,M
38,Call of Duty: Ghosts,X360,2013.0,Shooter,Activision,6.73,2.56,0.04,0.91,10.25,73.0,29.0,2.6,2117.0,Infinity Ward,M
39,Just Dance 3,Wii,2011.0,Misc,Ubisoft,5.95,3.11,0.0,1.06,10.12,74.0,15.0,7.8,16.0,Ubisoft,E10+
40,New Super Mario Bros. 2,3DS,2012.0,Platform,Nintendo,3.66,3.14,2.47,0.63,9.9,78.0,70.0,7.2,424.0,Nintendo,E
41,Halo: Reach,X360,2010.0,Shooter,Microsoft Game Studios,7.04,1.95,0.08,0.79,9.86,91.0,99.0,7.9,2045.0,Bungie,M
42,Final Fantasy VII,PS,1997.0,Role-Playing,Sony Computer Entertainment,3.01,2.47,3.28,0.96,9.72,92.0,20.0,9.2,1282.0,SquareSoft,T
43,Halo 4,X360,2012.0,Shooter,Microsoft Game Studios,6.65,2.28,0.04,0.74,9.71,87.0,87.0,7.0,3260.0,343 Industries,M
44,Gran Turismo 2,PS,1999.0,Racing,Sony Computer Entertainment,3.88,3.42,1.69,0.5,9.49,93.0,23.0,9.0,135.0,Polyphony Digital,T
45,Just Dance 2,Wii,2010.0,Misc,Ubisoft,5.8,2.85,0.01,0.78,9.44,74.0,24.0,7.3,24.0,Ubisoft,E10+
46,Call of Duty: Ghosts,PS3,2013.0,Shooter,Activision,4.1,3.63,0.38,1.25,9.36,71.0,10.0,2.6,1047.0,Infinity Ward,M
47,Call of Duty 4: Modern Warfare,X360,2007.0,Shooter,Activision,5.93,2.36,0.13,0.9,9.31,94.0,70.0,8.4,1320.0,Infinity Ward,M
48,Animal Crossing: New Leaf,3DS,2012.0,Simulation,Nintendo,2.03,2.36,4.39,0.39,9.16,88.0,70.0,8.7,626.0,Nintendo,E
49,Mario Party DS,DS,2007.0,Misc,Nintendo,4.4,1.85,1.98,0.68,8.91,72.0,27.0,7.8,85.0,Hudson Soft,E
50,The Elder Scrolls V: Skyrim,X360,2011.0,Role-Playing,Bethesda Softworks,5.05,2.79,0.1,0.85,8.79,96.0,89.0,8.4,3589.0,Bethesda Game Studios,M
51,FIFA 16,PS4,2015.0,Sports,Electronic Arts,1.12,6.12,0.06,1.28,8.57,82.0,42.0,4.3,896.0,EA Sports,E
52,Halo 2,XB,2004.0,Shooter,Microsoft Game Studios,6.82,1.53,0.05,0.08,8.49,95.0,91.0,8.2,1218.0,Bungie Software,M
53,Wii Party,Wii,2010.0,Misc,Nintendo,1.75,3.47,2.49,0.67,8.38,68.0,42.0,7.4,54.0,Nd Cube,E
54,Mario Party 8,Wii,2007.0,Misc,Nintendo,3.74,2.24,1.58,0.7,8.27,62.0,41.0,6.3,190.0,Hudson,E
55,FIFA Soccer 13,PS3,2012.0,Action,Electronic Arts,1.06,5.01,0.13,1.97,8.16,88.0,37.0,6.6,348.0,Electronic Arts,E
56,Final Fantasy X,PS2,2001.0,Role-Playing,Sony Computer Entertainment,2.91,2.07,2.73,0.33,8.05,92.0,53.0,8.7,1056.0,SquareSoft,T
57,The Sims 3,PC,2009.0,Simulation,Electronic Arts,0.99,6.42,0.0,0.6,8.01,86.0,75.0,7.6,886.0,The Sims Studio,T
58,Final Fantasy VIII,PS,1999.0,Role-Playing,SquareSoft,2.28,1.72,3.63,0.23,7.86,90.0,24.0,8.6,644.0,SquareSoft,T
59,Pokémon Platinum Version,DS,2008.0,Role-Playing,Nintendo,2.76,1.72,2.69,0.54,7.72,83.0,46.0,8.5,203.0,Game Freak,E
60,Grand Theft Auto: Liberty City Stories,PSP,2005.0,Action,Take-Two Interactive,2.9,2.81,0.24,1.73,7.69,88.0,65.0,7.6,451.0,Rockstar Leeds,M
61,Call of Duty: Advanced Warfare,PS4,2014.0,Shooter,Activision,2.81,3.48,0.14,1.23,7.66,83.0,39.0,5.7,1443.0,Sledgehammer Games,M
62,FIFA 17,PS4,2016.0,Sports,Electronic Arts,0.66,5.75,0.08,1.11,7.59,85.0,41.0,5.0,398.0,"EA Sports, EA Vancouver",E
63,Super Mario Galaxy 2,Wii,2010.0,Platform,Nintendo,3.56,2.35,0.98,0.62,7.51,97.0,87.0,9.1,1854.0,Nintendo EAD Tokyo,E
64,Call of Duty: World at War,X360,2008.0,Shooter,Activision,4.81,1.88,0.0,0.69,7.38,84.0,84.0,7.6,580.0,Treyarch,M
65,Battlefield 3,X360,2011.0,Shooter,Electronic Arts,4.46,2.11,0.06,0.69,7.32,84.0,57.0,7.4,2142.0,EA DICE,M
66,Need for Speed Underground,PS2,2003.0,Racing,Electronic Arts,3.27,2.83,0.08,1.02,7.2,85.0,33.0,8.6,171.0,EA Black Box,E
67,Just Dance,Wii,2009.0,Misc,Ubisoft,3.48,2.99,0.0,0.73,7.2,49.0,21.0,8.0,110.0,Ubisoft Paris,E10+
68,Battlefield 3,PS3,2011.0,Shooter,Electronic Arts,2.85,2.89,0.35,1.08,7.17,85.0,38.0,7.5,1761.0,EA DICE,M
69,Fallout 4,PS4,2015.0,Role-Playing,Bethesda Softworks,2.53,3.27,0.24,1.13,7.16,87.0,58.0,6.5,4228.0,Bethesda Game Studios,M
70,Tekken 3,PS,1998.0,Fighting,Sony Computer Entertainment,3.27,2.22,1.4,0.29,7.16,96.0,15.0,9.1,367.0,Namco,T
71,The Legend of Zelda: Twilight Princess,Wii,2006.0,Action,Nintendo,3.74,2.14,0.6,0.68,7.15,95.0,73.0,9.0,1658.0,Nintendo,T
72,Crash Bandicoot 3: Warped,PS,1998.0,Platform,Sony Computer Entertainment,3.68,1.75,1.42,0.28,7.13,91.0,12.0,8.9,432.0,Naughty Dog,E
73,Mario Kart 8,WiiU,2014.0,Racing,Nintendo,3.15,2.15,1.28,0.51,7.09,88.0,82.0,9.1,1599.0,Nintendo,E
74,Super Smash Bros. Melee,GC,2001.0,Fighting,Nintendo,4.41,1.04,1.39,0.22,7.07,92.0,38.0,9.1,568.0,HAL Labs,T
75,Need for Speed Underground 2,PS2,2004.0,Racing,Electronic Arts,2.71,3.02,0.08,1.09,6.9,82.0,39.0,8.6,132.0,EA Canada,E
76,Medal of Honor: Frontline,PS2,2002.0,Shooter,Electronic Arts,2.93,2.75,0.17,0.99,6.83,88.0,29.0,8.5,135.0,EA LA,T
77,Just Dance 4,Wii,2012.0,Misc,Ubisoft,4.05,2.16,0.0,0.55,6.76,74.0,10.0,7.3,28.0,Ubisoft,E10+
78,Gears of War 2,X360,2008.0,Shooter,Microsoft Game Studios,4.15,1.9,0.06,0.64,6.75,93.0,90.0,7.7,2739.0,Epic Games,M
79,Uncharted 3: Drake's Deception,PS3,2011.0,Action,Sony Computer Entertainment,2.77,2.75,0.19,1.03,6.74,92.0,97.0,8.3,3712.0,Naughty Dog,T
80,Call of Duty 4: Modern Warfare,PS3,2007.0,Shooter,Activision,3.11,2.26,0.28,1.03,6.68,94.0,44.0,8.4,993.0,Infinity Ward,M
81,Uncharted 2: Among Thieves,PS3,2009.0,Action,Sony Computer Entertainment,3.27,2.2,0.21,0.98,6.66,96.0,105.0,8.8,5187.0,Naughty Dog,T
82,Big Brain Academy,DS,2005.0,Misc,Nintendo,1.66,2.75,1.6,0.62,6.62,74.0,45.0,7.4,27.0,Nintendo,E
83,Red Dead Redemption,PS3,2010.0,Action,Take-Two Interactive,2.79,2.53,0.17,0.99,6.49,95.0,73.0,8.8,2456.0,Rockstar San Diego,M
84,FIFA 14,PS3,2013.0,Sports,Electronic Arts,0.78,4.24,0.07,1.37,6.47,86.0,37.0,4.3,576.0,EA Canada,E
85,Assassin's Creed III,PS3,2012.0,Action,Ubisoft,2.64,2.52,0.16,1.12,6.45,85.0,41.0,6.9,1307.0,Ubisoft,M
86,Donkey Kong Country Returns,Wii,2010.0,Platform,Nintendo,3.17,1.79,1.03,0.46,6.44,87.0,77.0,8.6,368.0,Retro Studios,E
87,Halo: Combat Evolved,XB,2001.0,Shooter,Microsoft Game Studios,4.98,1.3,0.08,0.07,6.43,97.0,68.0,8.6,1283.0,Bungie Software,M
88,The Elder Scrolls V: Skyrim,PS3,2011.0,Role-Playing,Bethesda Softworks,2.55,2.6,0.25,1.0,6.41,92.0,16.0,6.4,2527.0,Bethesda Game Studios,M
89,Pokémon Emerald Version,GBA,2004.0,Role-Playing,Nintendo,2.57,1.58,2.06,0.21,6.41,76.0,28.0,9.0,222.0,Game Freak,E
90,Kingdom Hearts,PS2,2002.0,Role-Playing,Sony Computer Entertainment,3.64,1.2,1.49,0.07,6.4,85.0,46.0,8.8,597.0,SquareSoft,E
91,Halo 3: ODST,X360,2009.0,Shooter,Microsoft Game Studios,4.34,1.34,0.06,0.61,6.34,83.0,94.0,7.1,1163.0,"Bungie Software, Bungie",M
92,Red Dead Redemption,X360,2010.0,Action,Take-Two Interactive,3.7,1.95,0.09,0.58,6.32,95.0,96.0,9.0,2316.0,Rockstar San Diego,M
93,Super Mario Sunshine,GC,2002.0,Platform,Nintendo,4.01,1.26,0.87,0.17,6.31,92.0,61.0,8.6,439.0,Nintendo,E
94,World of Warcraft,PC,2004.0,Role-Playing,Activision,0.08,6.21,0.0,0.0,6.29,93.0,57.0,7.3,2182.0,Blizzard Entertainment,T
95,Driver,PS,1999.0,Action,GT Interactive,3.11,2.8,0.02,0.33,6.27,87.0,22.0,8.1,78.0,Reflections Interactive,T
96,Gears of War 3,X360,2011.0,Shooter,Microsoft Game Studios,4.05,1.59,0.07,0.5,6.21,91.0,96.0,7.8,1504.0,Epic Games,M
97,Kinect Sports,X360,2010.0,Sports,Microsoft Game Studios,3.92,1.73,0.03,0.51,6.19,73.0,51.0,7.4,95.0,Rare Ltd.,E10+
98,Gears of War,X360,2006.0,Shooter,Microsoft Game Studios,3.54,1.88,0.07,0.6,6.09,94.0,88.0,8.3,2295.0,Epic Games,M
99,FIFA 15,PS4,2014.0,Sports,Electronic Arts,0.8,4.33,0.05,0.9,6.08,82.0,47.0,5.7,988.0,EA Sports,E
100,Metal Gear Solid 2: Sons of Liberty,PS2,2001.0,Action,Konami Digital Entertainment,2.45,2.01,0.87,0.72,6.05,96.0,42.0,8.7,1026.0,KCEJ,M
101,Metal Gear Solid,PS,1998.0,Action,Konami Digital Entertainment,3.18,1.83,0.78,0.24,6.03,94.0,20.0,9.4,918.0,KCEJ,M
102,Metal Gear Solid 4: Guns of the Patriots,PS3,2008.0,Action,Konami Digital Entertainment,2.63,1.71,0.83,0.82,5.99,94.0,82.0,8.7,3558.0,Kojima Productions,M
103,Final Fantasy XII,PS2,2006.0,Role-Playing,Square Enix,1.88,0.0,2.33,1.74,5.95,92.0,64.0,7.6,972.0,Square Enix,T
104,The Last of Us,PS3,2013.0,Action,Sony Computer Entertainment Europe,2.41,2.18,0.28,0.99,5.87,95.0,98.0,9.1,8003.0,Naughty Dog,M
105,LittleBigPlanet,PS3,2008.0,Platform,Sony Computer Entertainment,2.8,1.98,0.17,0.87,5.82,95.0,85.0,6.8,5311.0,"SCE/WWS, Media Molecule",E
106,Resident Evil 2,PS,1998.0,Action,Virgin Interactive,1.88,1.47,2.02,0.45,5.82,89.0,13.0,9.2,364.0,Capcom,M
107,Dragon Quest IX: Sentinels of the Starry Skies,DS,2009.0,Role-Playing,Nintendo,0.63,0.67,4.35,0.15,5.78,87.0,65.0,8.8,197.0,Level 5,E10+
108,Tekken 2,PS,1996.0,Fighting,Sony Computer Entertainment,2.26,1.89,1.36,0.23,5.74,89.0,8.0,8.9,102.0,Namco,T
109,Destiny,PS4,2014.0,Shooter,Activision,2.49,2.07,0.16,0.92,5.64,76.0,95.0,6.1,5380.0,"Bungie Software, Bungie",T
110,LEGO Star Wars: The Complete Saga,Wii,2007.0,Action,LucasArts,3.57,1.55,0.0,0.51,5.64,80.0,17.0,8.9,62.0,Traveller's Tales,E10+
111,Cooking Mama,DS,2006.0,Simulation,505 Games,3.07,1.91,0.07,0.57,5.63,67.0,35.0,7.2,21.0,Taito Corporation,E
112,Assassin's Creed II,PS3,2009.0,Action,Ubisoft,2.54,1.93,0.21,0.86,5.55,91.0,70.0,8.6,1202.0,Ubisoft Montreal,M
113,Assassin's Creed,X360,2007.0,Adventure,Ubisoft,3.28,1.64,0.07,0.56,5.54,81.0,77.0,7.7,1074.0,Ubisoft Montreal,M
114,Forza Motorsport 3,X360,2009.0,Racing,Microsoft Game Studios,2.99,1.9,0.1,0.5,5.49,92.0,90.0,8.0,516.0,Turn 10,E
115,Super Mario Advance,GBA,2001.0,Platform,Nintendo,3.14,1.24,0.91,0.2,5.49,84.0,19.0,7.8,41.0,Nintendo,E
116,Monster Hunter Freedom Unite,PSP,2008.0,Role-Playing,Capcom,0.47,0.55,4.13,0.34,5.48,81.0,48.0,8.7,124.0,Capcom,T
117,Batman: Arkham City,PS3,2011.0,Action,Warner Bros. Interactive Entertainment,2.71,1.85,0.11,0.81,5.48,96.0,42.0,8.6,2162.0,Rocksteady Studios,T
118,Grand Theft Auto V,XOne,2014.0,Action,Take-Two Interactive,2.81,2.19,0.0,0.47,5.48,97.0,14.0,7.9,764.0,Rockstar North,M
119,Mario Kart: Super Circuit,GBA,2001.0,Racing,Nintendo,2.62,1.64,0.99,0.23,5.47,93.0,24.0,8.3,108.0,Intelligent Systems,E
120,Crash Bandicoot: The Wrath of Cortex,PS2,2001.0,Platform,Universal Interactive,2.07,2.29,0.24,0.82,5.42,66.0,22.0,7.1,156.0,Traveller's Tales,E
121,Call of Duty: World at War,PS3,2008.0,Shooter,Activision,2.73,1.83,0.0,0.83,5.39,85.0,45.0,7.6,409.0,Treyarch,M
122,Uncharted 4: A Thief's End,PS4,2016.0,Shooter,Sony Computer Entertainment,1.85,2.5,0.19,0.85,5.38,93.0,113.0,7.9,7064.0,Naughty Dog,T
123,Final Fantasy XIII,PS3,2009.0,Role-Playing,Square Enix,1.74,1.21,1.87,0.51,5.33,83.0,83.0,7.3,2483.0,Square Enix,T
124,Final Fantasy IX,PS,2000.0,Role-Playing,SquareSoft,1.62,0.77,2.78,0.14,5.3,94.0,22.0,8.9,779.0,SquareSoft,T
125,Assassin's Creed III,X360,2012.0,Action,Ubisoft,3.13,1.69,0.03,0.44,5.29,84.0,61.0,6.7,1196.0,Ubisoft,M
126,Final Fantasy X-2,PS2,2003.0,Role-Playing,Electronic Arts,1.92,1.08,2.11,0.17,5.29,85.0,45.0,6.6,400.0,SquareSoft,T
127,Call of Duty: Advanced Warfare,XOne,2014.0,Shooter,Activision,3.22,1.55,0.01,0.48,5.27,81.0,53.0,5.4,898.0,Sledgehammer Games,M
128,Assassin's Creed II,X360,2009.0,Action,Ubisoft,3.11,1.55,0.08,0.51,5.26,90.0,82.0,8.8,1305.0,Ubisoft Montreal,M
129,Madden NFL 2004,PS2,2000.0,Sports,Electronic Arts,4.26,0.26,0.01,0.71,5.23,94.0,29.0,8.5,140.0,EA Tiburon,E
130,New Super Mario Bros. U,WiiU,2012.0,Platform,Nintendo,2.3,1.34,1.27,0.32,5.22,84.0,70.0,8.1,733.0,Nintendo,E
131,Dragon Quest VIII: Journey of the Cursed King,PS2,2004.0,Role-Playing,Square Enix,0.65,0.75,3.61,0.2,5.21,89.0,63.0,8.8,245.0,Level 5,T
132,Professor Layton and the Curious Village,DS,2007.0,Puzzle,Nintendo,1.21,2.43,1.03,0.52,5.19,85.0,72.0,8.6,147.0,Level 5,E
133,FIFA Soccer 13,X360,2012.0,Action,Electronic Arts,1.09,3.47,0.03,0.57,5.16,90.0,48.0,6.1,403.0,Electronic Arts,E
134,Diablo III,PC,2012.0,Role-Playing,Activision,2.44,2.16,0.0,0.54,5.14,88.0,86.0,4.0,9629.0,Blizzard Entertainment,M
135,Medal of Honor: Rising Sun,PS2,2003.0,Shooter,Electronic Arts,1.98,2.23,0.13,0.8,5.13,68.0,30.0,7.6,100.0,EA LA,T
136,Guitar Hero II,PS2,2006.0,Misc,RedOctane,3.81,0.63,0.0,0.68,5.12,92.0,69.0,8.5,112.0,Harmonix Music Systems,T
137,Fable III,X360,2010.0,Role-Playing,Microsoft Game Studios,3.59,1.08,0.05,0.38,5.1,80.0,88.0,6.5,604.0,Lionhead Studios,M
138,Resident Evil 5,PS3,2009.0,Action,Capcom,1.96,1.41,1.08,0.64,5.09,84.0,76.0,7.5,667.0,Capcom,M
139,The Legend of Zelda: Phantom Hourglass,DS,2007.0,Action,Nintendo,1.85,1.8,0.95,0.48,5.08,90.0,57.0,8.0,416.0,Nintendo,E
140,FIFA Soccer 11,PS3,2010.0,Sports,Electronic Arts,0.61,3.28,0.06,1.12,5.07,89.0,51.0,8.0,233.0,EA Sports,E
141,Resident Evil,PS,1996.0,Action,Virgin Interactive,2.05,1.16,1.11,0.73,5.05,91.0,8.0,9.0,266.0,Capcom,M
142,Grand Theft Auto: Vice City Stories,PSP,2006.0,Action,Take-Two Interactive,1.7,1.99,0.16,1.18,5.03,86.0,50.0,8.0,150.0,Rockstar Leeds,M
143,Tony Hawk's Pro Skater,PS,1999.0,Sports,Activision,3.42,1.38,0.02,0.2,5.02,92.0,18.0,9.2,69.0,Neversoft Entertainment,T
144,Guitar Hero III: Legends of Rock,PS2,2007.0,Misc,Activision,3.49,0.01,0.01,1.48,4.98,82.0,24.0,8.2,46.0,"Neversoft Entertainment, BudCat",T
145,Link's Crossbow Training,Wii,2007.0,Shooter,Nintendo,3.05,1.17,0.29,0.46,4.98,68.0,34.0,7.1,47.0,Nintendo,T
146,Fallout 3,X360,2008.0,Role-Playing,Bethesda Softworks,3.4,0.99,0.09,0.45,4.93,93.0,84.0,8.5,1655.0,Bethesda Game Studios,M
147,Uncharted: Drake's Fortune,PS3,2007.0,Action,Sony Computer Entertainment,2.31,1.72,0.12,0.77,4.92,88.0,66.0,8.1,2306.0,"Naughty Dog, SCE/WWS",T
148,Madden NFL 06,PS2,2005.0,Sports,Electronic Arts,3.98,0.26,0.01,0.66,4.91,88.0,29.0,8.0,121.0,EA Sports,E
149,StarCraft II: Wings of Liberty,PC,2010.0,Strategy,Activision,2.57,1.68,0.0,0.58,4.84,93.0,82.0,8.2,3052.0,Blizzard Entertainment,T
150,Assassin's Creed,PS3,2007.0,Adventure,Ubisoft,1.91,2.0,0.09,0.82,4.82,81.0,40.0,7.3,769.0,Ubisoft Montreal,M
151,God of War III,PS3,2010.0,Action,Sony Computer Entertainment,2.74,1.33,0.12,0.61,4.8,92.0,101.0,8.7,2633.0,SCE Santa Monica,M
152,Crash Team Racing,PS,1999.0,Racing,Sony Computer Entertainment,2.57,1.57,0.44,0.21,4.79,88.0,20.0,9.0,233.0,Naughty Dog,E
153,LEGO Star Wars: The Complete Saga,DS,2007.0,Action,LucasArts,2.83,1.48,0.0,0.45,4.76,80.0,9.0,5.4,46.0,TT Fusion,E
154,Driver 2,PS,2000.0,Action,Atari,2.36,2.1,0.02,0.25,4.73,62.0,14.0,7.7,92.0,Reflections Interactive,T
155,Batman: Arkham City,X360,2011.0,Action,Warner Bros. Interactive Entertainment,2.99,1.27,0.04,0.42,4.73,94.0,87.0,8.7,1472.0,Rocksteady Studios,T
156,Tony Hawk's Pro Skater 2,PS,2000.0,Sports,Activision,3.05,1.41,0.02,0.2,4.68,98.0,19.0,7.7,299.0,Neversoft Entertainment,T
157,The Lord of the Rings: The Two Towers,PS2,2002.0,Action,Electronic Arts,1.94,1.95,0.08,0.7,4.67,82.0,32.0,8.2,78.0,Stormfront Studios,T
158,Tomb Raider,PS,1996.0,Action,Eidos Interactive,2.29,1.97,0.13,0.24,4.63,91.0,13.0,8.6,147.0,Core Design Ltd.,T
159,Animal Crossing: City Folk,Wii,2008.0,Simulation,Nintendo,1.82,1.12,1.32,0.36,4.62,73.0,50.0,7.6,119.0,Nintendo,E
160,Uncharted: The Nathan Drake Collection,PS4,2015.0,Action,Sony Computer Entertainment,2.07,1.71,0.08,0.76,4.62,86.0,78.0,8.1,1264.0,Bluepoint Games,T
161,The Legend of Zelda: The Wind Waker,GC,2002.0,Action,Nintendo,2.6,0.99,0.89,0.13,4.6,96.0,80.0,8.9,968.0,Nintendo,E
162,Guitar Hero III: Legends of Rock,Wii,2007.0,Misc,Activision,3.04,1.11,0.0,0.43,4.6,86.0,36.0,8.4,87.0,Vicarious Visions,T
163,Luigi's Mansion: Dark Moon,3DS,2013.0,Action,Nintendo,1.8,1.39,1.11,0.29,4.59,86.0,74.0,8.4,458.0,Next Level Games,E
164,Forza Motorsport 4,X360,2011.0,Racing,Microsoft Game Studios,2.08,1.97,0.06,0.46,4.57,91.0,83.0,8.2,617.0,Turn 10,E
165,Madden NFL 2005,PS2,2004.0,Sports,Electronic Arts,4.18,0.26,0.01,0.08,4.53,91.0,30.0,7.9,78.0,EA Tiburon,E
166,Guitar Hero III: Legends of Rock,X360,2007.0,Misc,Activision,3.19,0.91,0.01,0.42,4.53,85.0,69.0,7.9,165.0,Neversoft Entertainment,T
167,Madden NFL 07,PS2,2006.0,Sports,Electronic Arts,3.63,0.24,0.01,0.61,4.49,84.0,29.0,8.2,39.0,EA Sports,E
168,Halo 5: Guardians,XOne,2015.0,Shooter,Microsoft Game Studios,2.78,1.27,0.03,0.41,4.48,84.0,101.0,6.4,2438.0,343 Industries,T
169,Spider-Man: The Movie,PS2,2002.0,Action,Activision,2.71,1.51,0.03,0.23,4.48,76.0,25.0,7.9,41.0,Treyarch,E
170,Call of Duty: Infinite Warfare,PS4,2016.0,Shooter,Activision,1.61,2.0,0.15,0.71,4.46,77.0,82.0,3.4,1129.0,Infinity Ward,M
171,God of War,PS2,2005.0,Action,Sony Computer Entertainment,2.71,1.29,0.02,0.43,4.45,94.0,75.0,8.9,997.0,SCE Santa Monica,M
172,Splatoon,WiiU,2015.0,Shooter,Nintendo,1.54,1.18,1.46,0.26,4.43,81.0,88.0,8.5,1184.0,Nintendo,E10+
173,Nintendo Land,WiiU,2012.0,Misc,Nintendo,2.52,1.11,0.46,0.33,4.42,77.0,61.0,7.9,471.0,Nintendo,E10+
174,Tony Hawk's Pro Skater 3,PS2,2001.0,Sports,Activision,2.66,1.29,0.01,0.46,4.41,97.0,34.0,7.5,298.0,Neversoft Entertainment,T
175,Winning Eleven: Pro Evolution Soccer 2007,PS2,2006.0,Sports,Konami Digital Entertainment,0.1,2.39,1.05,0.86,4.39,86.0,19.0,8.9,33.0,Konami,E
176,The Elder Scrolls IV: Oblivion,X360,2006.0,Role-Playing,Take-Two Interactive,2.82,1.03,0.13,0.4,4.38,94.0,90.0,8.7,1109.0,Bethesda Softworks,M
177,Need for Speed: Most Wanted,PS2,2005.0,Racing,Electronic Arts,2.03,1.79,0.08,0.47,4.37,82.0,36.0,9.1,137.0,EA Canada,T
178,Michael Jackson: The Experience,Wii,2010.0,Misc,Ubisoft,2.64,1.33,0.01,0.39,4.36,56.0,37.0,8.3,31.0,"Ubisoft Paris, Ubisoft Montpellier",E10+
179,Resistance: Fall of Man,PS3,2006.0,Shooter,Sony Computer Entertainment,1.74,1.72,0.14,0.75,4.34,86.0,70.0,8.1,715.0,Insomniac Games,M
180,Kingdom Hearts II,PS2,2005.0,Role-Playing,Square Enix,2.2,0.58,1.38,0.17,4.33,87.0,64.0,9.0,766.0,Square Enix,E10+
181,Super Mario 3D World,WiiU,2013.0,Platform,Nintendo,2.11,1.16,0.73,0.32,4.32,93.0,83.0,9.0,1607.0,Nintendo,E
182,Fable II,X360,2008.0,Role-Playing,Microsoft Game Studios,2.51,1.24,0.11,0.41,4.27,89.0,95.0,6.5,2423.0,Lionhead Studios,M
183,Namco Museum,GBA,2001.0,Misc,Namco Bandai Games,3.0,1.11,0.05,0.07,4.24,79.0,10.0,7.3,6.0,Mass Media,E
184,Batman: Arkham Asylum,PS3,2009.0,Action,Eidos Interactive,2.24,1.31,0.07,0.61,4.23,91.0,70.0,8.9,1122.0,Rocksteady Studios,T
185,Metal Gear Solid 3: Snake Eater,PS2,2004.0,Action,Konami Digital Entertainment,1.46,0.0,0.83,1.93,4.23,91.0,68.0,9.3,955.0,KCEJ,M
186,Assassin's Creed: Revelations,PS3,2011.0,Action,Ubisoft,1.41,2.01,0.1,0.7,4.22,80.0,39.0,7.5,613.0,Ubisoft Montreal,M
187,Fallout 4,XOne,2015.0,Role-Playing,Bethesda Softworks,2.51,1.32,0.01,0.38,4.22,88.0,39.0,6.2,1749.0,Bethesda Game Studios,M
188,FIFA 14,X360,2013.0,Sports,Electronic Arts,0.92,2.89,0.01,0.4,4.22,84.0,41.0,4.2,435.0,EA Canada,E
189,Daxter,PSP,2006.0,Platform,Sony Computer Entertainment,2.45,1.01,0.0,0.75,4.21,85.0,59.0,8.7,109.0,Ready at Dawn,E10+
190,FIFA Soccer 06,PS2,2005.0,Sports,Electronic Arts,0.78,2.55,0.04,0.84,4.21,80.0,32.0,7.8,47.0,EA Canada,E
191,EyeToy Play,PS2,2003.0,Misc,Sony Computer Entertainment,0.88,2.3,0.2,0.83,4.2,80.0,32.0,7.5,22.0,"SCEE, Zoe Mode",E
192,Gran Turismo 5 Prologue,PS3,2007.0,Racing,Sony Computer Entertainment,1.28,1.82,0.57,0.52,4.19,80.0,67.0,7.1,120.0,Polyphony Digital,E
193,Assassin's Creed: Revelations,X360,2011.0,Action,Ubisoft,2.25,1.47,0.04,0.43,4.19,80.0,77.0,7.2,564.0,Ubisoft Montreal,M
194,Street Fighter IV,PS3,2009.0,Fighting,Capcom,2.03,1.04,0.58,0.52,4.16,94.0,61.0,7.3,330.0,Capcom,T
195,Madden NFL 2003,PS2,2002.0,Sports,Electronic Arts,3.36,0.21,0.01,0.56,4.14,95.0,25.0,7.7,65.0,EA Sports,E
196,Half-Life,PC,1997.0,Shooter,Vivendi Games,4.03,0.0,0.09,0.0,4.12,96.0,24.0,9.1,3161.0,Valve Software,M
197,World of Warcraft: The Burning Crusade,PC,2007.0,Role-Playing,Activision,2.57,1.52,0.0,0.0,4.09,91.0,46.0,7.9,785.0,Blizzard Entertainment,T
198,Battlefield 1,PS4,2016.0,Shooter,Electronic Arts,1.1,2.15,0.21,0.61,4.08,88.0,31.0,8.4,809.0,EA DICE,M
199,God of War II,PS2,2007.0,Action,Sony Computer Entertainment,2.32,0.04,0.04,1.67,4.07,93.0,70.0,8.9,709.0,SCE Santa Monica,M
200,Fallout: New Vegas,X360,2010.0,Role-Playing,Bethesda Softworks,2.66,1.03,0.04,0.33,4.05,84.0,81.0,8.1,769.0,Obsidian Entertainment,M
201,Forza Motorsport 2,X360,2007.0,Racing,Microsoft Game Studios,2.35,1.27,0.03,0.41,4.05,90.0,66.0,8.3,381.0,Turn 10,E
202,Carnival Games,Wii,2007.0,Misc,Take-Two Interactive,2.12,1.47,0.05,0.42,4.05,56.0,27.0,6.0,44.0,Cat Daddy Games,E
203,Watch Dogs,PS4,2014.0,Action,Ubisoft,1.4,1.9,0.11,0.64,4.05,80.0,80.0,6.3,2996.0,Ubisoft Montreal,M
204,Tekken Tag Tournament,PS2,2000.0,Fighting,Namco Bandai Games,1.68,1.51,0.51,0.35,4.05,85.0,25.0,8.5,117.0,Namco,T
205,Far Cry 4,PS4,2014.0,Shooter,Ubisoft,1.13,2.18,0.1,0.63,4.04,85.0,83.0,7.7,1653.0,Ubisoft Montreal,M
206,Left 4 Dead 2,X360,2009.0,Shooter,Electronic Arts,2.67,0.87,0.05,0.38,3.97,89.0,76.0,8.6,681.0,Valve Software,M
207,The Witcher 3: Wild Hunt,PS4,2015.0,Role-Playing,Namco Bandai Games,1.02,2.13,0.23,0.59,3.97,92.0,79.0,9.2,10179.0,CD Projekt Red Studio,M
208,Assassin's Creed: Unity,PS4,2014.0,Action,Ubisoft,1.19,2.07,0.08,0.62,3.96,70.0,40.0,4.9,2050.0,"Ubisoft, Ubisoft Montreal",M
209,Batman: Arkham Knight,PS4,2015.0,Action,Warner Bros. Interactive Entertainment,1.53,1.69,0.1,0.64,3.95,87.0,89.0,7.6,2679.0,Rocksteady Studios,M
210,The Legend of Zelda: Skyward Sword,Wii,2011.0,Action,Nintendo,2.03,1.16,0.37,0.38,3.95,93.0,81.0,8.0,1958.0,Nintendo,E10+
211,Fallout 3,PS3,2008.0,Role-Playing,Bethesda Softworks,2.15,1.13,0.07,0.59,3.94,90.0,57.0,8.0,910.0,Bethesda Game Studios,M
212,Professor Layton and the Diabolical Box,DS,2007.0,Puzzle,Nintendo,0.9,1.76,0.92,0.37,3.94,84.0,65.0,8.8,72.0,Level 5,E10+
213,EA Sports Active,Wii,2009.0,Sports,Electronic Arts,2.09,1.35,0.06,0.4,3.9,81.0,27.0,8.7,39.0,EA Canada,E
214,Tony Hawk's Underground,PS2,2003.0,Sports,Activision,2.29,1.17,0.01,0.42,3.9,90.0,38.0,8.7,121.0,Neversoft Entertainment,T
215,Monster Hunter 4 Ultimate,3DS,2014.0,Role-Playing,Nintendo,0.68,0.48,2.62,0.11,3.89,86.0,80.0,8.7,348.0,Capcom,T
216,The Elder Scrolls V: Skyrim,PC,2011.0,Role-Playing,Bethesda Softworks,1.16,2.12,0.0,0.6,3.88,94.0,32.0,8.1,9073.0,Bethesda Game Studios,M
217,NBA 2K16,PS4,2015.0,Sports,Take-Two Interactive,2.49,0.66,0.03,0.69,3.88,87.0,51.0,6.7,364.0,Visual Concepts,E10+
218,Tekken 5,PS2,2005.0,Fighting,Namco Bandai Games,0.93,1.94,0.31,0.7,3.87,88.0,62.0,8.6,229.0,Namco,T
219,MotorStorm,PS3,2006.0,Racing,Sony Computer Entertainment,1.53,1.6,0.06,0.67,3.87,84.0,9.0,7.4,220.0,Evolution Studios,T
220,World Soccer Winning Eleven 8 International,PS2,2004.0,Sports,Konami Digital Entertainment,0.16,1.89,1.12,0.68,3.85,91.0,26.0,9.1,38.0,KCET,E
221,Sports Champions,PS3,2010.0,Sports,Sony Computer Entertainment,2.13,1.12,0.1,0.5,3.84,76.0,64.0,7.9,104.0,"SCEA, Zindagi Games",E10+
222,Call of Duty: Ghosts,PS4,2013.0,Shooter,Activision,1.78,1.43,0.05,0.57,3.83,78.0,49.0,3.7,1564.0,Infinity Ward,M
223,Flash Focus: Vision Training in Minutes a Day,DS,2007.0,Misc,Nintendo,0.86,1.56,1.05,0.35,3.83,59.0,22.0,4.0,4.0,"Nintendo, Namco Bandai Games",E
224,Tom Clancy's The Division,PS4,2016.0,Shooter,Ubisoft,1.35,1.7,0.15,0.6,3.8,80.0,64.0,7.0,2219.0,Massive Entertainment,M
225,Big Brain Academy: Wii Degree,Wii,2007.0,Misc,Nintendo,1.05,1.91,0.41,0.42,3.79,68.0,33.0,6.9,39.0,Nintendo,E
226,LEGO Indiana Jones: The Original Adventures,X360,2008.0,Action,Activision,2.4,1.01,0.0,0.36,3.76,77.0,60.0,7.5,66.0,Traveller's Tales,E10+
227,The Sims: Unleashed,PC,2002.0,Simulation,Electronic Arts,2.03,1.56,0.0,0.17,3.76,79.0,21.0,8.0,29.0,Maxis,T
228,Harry Potter and the Sorcerer's Stone,PS,2001.0,Action,Electronic Arts,1.37,2.0,0.14,0.22,3.73,64.0,11.0,7.5,41.0,Argonaut Games,E
229,Super Paper Mario,Wii,2007.0,Platform,Nintendo,1.95,0.86,0.59,0.31,3.71,85.0,56.0,7.9,417.0,Intelligent Systems,E
230,Spyro: Year of the Dragon,PS,2000.0,Platform,Sony Computer Entertainment,1.93,1.58,0.0,0.19,3.71,91.0,15.0,8.8,207.0,Insomniac Games,E
231,Assassin's Creed IV: Black Flag,PS3,2013.0,Action,Ubisoft,1.33,1.68,0.13,0.57,3.71,88.0,36.0,8.1,840.0,Ubisoft,M
232,FIFA Soccer 2005,PS2,2004.0,Sports,Electronic Arts,0.58,2.48,0.04,0.59,3.7,81.0,27.0,7.6,56.0,EA Canada,E
233,Tony Hawk's Pro Skater 4,PS2,2002.0,Sports,Activision,2.13,1.18,0.01,0.35,3.67,94.0,27.0,8.5,128.0,Neversoft Entertainment,T
234,MySims,DS,2007.0,Simulation,Electronic Arts,1.58,1.59,0.08,0.41,3.66,67.0,15.0,7.3,13.0,TOSE,E
235,Midnight Club 3: DUB Edition,PSP,2005.0,Racing,Take-Two Interactive,1.65,1.21,0.0,0.79,3.65,74.0,34.0,8.4,31.0,Rockstar Leeds,E10+
236,SOCOM: U.S. Navy SEALs,PS2,2002.0,Shooter,Sony Computer Entertainment,2.53,0.81,0.06,0.24,3.65,82.0,42.0,7.9,82.0,Zipper Interactive,M
237,Jak and Daxter: The Precursor Legacy,PS2,2001.0,Platform,Sony Computer Entertainment,2.08,1.09,0.15,0.33,3.64,90.0,35.0,8.7,312.0,Naughty Dog,E
238,Pro Evolution Soccer 2008,PS2,2007.0,Sports,Konami Digital Entertainment,0.05,0.0,0.64,2.93,3.63,82.0,10.0,7.9,38.0,Konami,E
239,Resident Evil 4,PS2,2005.0,Action,Capcom,2.08,0.83,0.46,0.25,3.62,96.0,38.0,8.9,1013.0,Capcom,M
240,Guitar Hero: World Tour,Wii,2008.0,Misc,Activision,2.32,0.96,0.0,0.34,3.62,86.0,18.0,7.6,71.0,Vicarious Visions,T
241,FIFA Soccer 10,PS3,2009.0,Sports,Electronic Arts,0.6,2.45,0.05,0.52,3.62,91.0,56.0,7.6,203.0,EA Sports,E
242,Star Wars: Battlefront,PS2,2004.0,Shooter,LucasArts,1.93,1.22,0.03,0.44,3.61,82.0,36.0,8.7,142.0,Pandemic Studios,T
243,The Simpsons: Road Rage,PS2,2001.0,Racing,Electronic Arts,2.02,1.17,0.0,0.42,3.61,64.0,23.0,7.7,32.0,Fox Interactive,T
244,Luigi's Mansion,GC,2001.0,Action,Nintendo,2.38,0.67,0.46,0.1,3.6,78.0,34.0,8.5,161.0,Nintendo,E
245,Battlefield 4,PS4,2013.0,Shooter,Electronic Arts,1.35,1.55,0.17,0.51,3.59,85.0,18.0,6.9,1580.0,EA DICE,M
246,Star Wars: Battlefront II,PS2,2005.0,Shooter,LucasArts,2.18,1.02,0.03,0.37,3.59,84.0,30.0,9.0,268.0,Pandemic Studios,T
247,Cooking Mama 2: Dinner With Friends,DS,2007.0,Simulation,505 Games,1.6,1.49,0.1,0.39,3.58,70.0,39.0,8.0,9.0,Office Create,E
248,Grand Theft Auto: Liberty City Stories,PS2,2006.0,Action,Take-Two Interactive,1.56,1.4,0.07,0.5,3.54,78.0,49.0,7.8,112.0,Rockstar Leeds,M
249,The Getaway,PS2,2002.0,Action,Sony Computer Entertainment,1.23,1.77,0.05,0.49,3.54,72.0,49.0,6.8,88.0,Team Soho,M
250,James Bond 007: Agent Under Fire,PS2,2001.0,Shooter,Electronic Arts,1.9,1.13,0.1,0.41,3.53,72.0,27.0,7.9,48.0,EA Redwood Shores,T
251,FIFA Soccer 11,X360,2010.0,Sports,Electronic Arts,0.71,2.39,0.02,0.4,3.52,88.0,66.0,7.5,155.0,EA Sports,E
252,Left 4 Dead,X360,2008.0,Shooter,Electronic Arts,2.66,0.49,0.05,0.3,3.51,89.0,67.0,7.9,1309.0,Certain Affinity,M
253,Assassin's Creed: Unity,XOne,2014.0,Action,Ubisoft,2.27,0.9,0.0,0.33,3.5,72.0,59.0,4.1,1005.0,"Ubisoft, Ubisoft Montreal",M
254,Resident Evil 5,X360,2009.0,Action,Capcom,2.11,0.93,0.12,0.34,3.5,83.0,91.0,7.5,523.0,Capcom,M
255,Assassin's Creed: Brotherhood,X360,2010.0,Action,Ubisoft,2.85,0.38,0.03,0.24,3.49,89.0,81.0,8.3,693.0,Ubisoft Montreal,M
256,FIFA Soccer 2004,PS2,2000.0,Sports,Electronic Arts,0.59,2.36,0.04,0.51,3.49,84.0,20.0,6.4,76.0,EA Canada,E
257,Battlefield 4,PS3,2013.0,Shooter,Electronic Arts,1.3,1.42,0.27,0.5,3.49,80.0,14.0,5.8,579.0,EA DICE,M
258,Batman: Arkham Asylum,X360,2009.0,Action,Eidos Interactive,2.2,0.95,0.02,0.31,3.48,92.0,78.0,8.7,1080.0,Rocksteady Studios,T
259,Battlefield 4,X360,2013.0,Shooter,Electronic Arts,2.15,1.01,0.02,0.31,3.48,79.0,21.0,5.6,542.0,EA DICE,M
260,Battlefield: Bad Company 2,X360,2010.0,Shooter,Electronic Arts,2.1,1.01,0.04,0.32,3.47,88.0,75.0,8.6,869.0,EA DICE,M
261,Guitar Hero: On Tour,DS,2008.0,Misc,Activision,2.1,1.01,0.01,0.35,3.46,71.0,70.0,8.8,29.0,Vicarious Visions,E10+
262,Clubhouse Games,DS,2006.0,Misc,Nintendo,0.59,1.79,0.73,0.34,3.45,83.0,30.0,8.4,28.0,Agenda,E
263,Borderlands,X360,2009.0,Shooter,Take-Two Interactive,2.4,0.71,0.03,0.29,3.44,84.0,83.0,8.2,715.0,Gearbox Software,M
264,Tekken 4,PS2,2002.0,Fighting,Namco Bandai Games,1.55,1.27,0.33,0.29,3.44,79.0,23.0,8.3,126.0,Namco,T
265,Grand Theft Auto 2,PS,1998.0,Action,Take-Two Interactive,1.13,2.07,0.0,0.22,3.42,70.0,15.0,8.0,67.0,DMA Design,T
266,Metal Gear Solid V: The Phantom Pain,PS4,2015.0,Action,Konami Digital Entertainment,1.09,1.36,0.49,0.48,3.41,93.0,86.0,8.2,3943.0,"Kojima Productions, Moby Dick Studio",M
267,Spider-Man 2,PS2,2004.0,Action,Activision,1.75,1.2,0.02,0.43,3.41,80.0,50.0,8.9,106.0,Treyarch,T
268,FIFA Soccer 2003,PS2,2002.0,Sports,Electronic Arts,0.46,2.28,0.05,0.61,3.4,88.0,15.0,6.7,35.0,EA Canada,E
269,LittleBigPlanet 2,PS3,2011.0,Platform,Sony Computer Entertainment,1.83,1.05,0.06,0.46,3.39,91.0,86.0,8.4,657.0,Media Molecule,E
270,Crash Bash,PS,2000.0,Misc,Sony Computer Entertainment,1.56,1.47,0.19,0.17,3.39,68.0,12.0,8.2,99.0,Eurocom Entertainment Software,E
271,Assassin's Creed Syndicate,PS4,2015.0,Action,Ubisoft,0.81,1.99,0.07,0.52,3.39,76.0,86.0,6.8,1319.0,Ubisoft Quebec,M
272,LEGO Batman: The Videogame,X360,2008.0,Action,Warner Bros. Interactive Entertainment,2.04,1.02,0.0,0.32,3.38,76.0,49.0,7.9,75.0,Traveller's Tales,E10+
273,Destiny,XOne,2014.0,Shooter,Activision,2.14,0.92,0.0,0.31,3.37,75.0,11.0,5.5,1735.0,"Bungie Software, Bungie",T
274,Far Cry 3,PS3,2012.0,Shooter,Ubisoft,0.88,1.7,0.1,0.67,3.35,90.0,32.0,8.5,1041.0,Ubisoft Montreal,M
275,James Bond 007: Nightfire,PS2,2002.0,Shooter,Electronic Arts,1.45,1.29,0.12,0.46,3.33,77.0,20.0,8.5,66.0,Eurocom Entertainment Software,T
276,Star Wars Episode III: Revenge of the Sith,PS2,2005.0,Action,LucasArts,1.47,1.39,0.03,0.43,3.32,60.0,34.0,7.2,82.0,Double Helix Games,T
277,The Legend of Zelda: Spirit Tracks,DS,2009.0,Action,Nintendo,1.4,0.91,0.74,0.26,3.31,87.0,75.0,7.8,228.0,Nintendo,E10+
278,Max Payne,PS2,2001.0,Shooter,Take-Two Interactive,1.99,1.05,0.05,0.22,3.31,80.0,21.0,8.5,86.0,Rockstar Toronto,M
279,Assassin's Creed IV: Black Flag,X360,2013.0,Action,Ubisoft,1.9,1.11,0.01,0.29,3.3,86.0,35.0,7.9,701.0,Ubisoft,M
280,The Lord of the Rings: The Return of the King,PS2,2003.0,Action,Electronic Arts,1.5,1.28,0.05,0.46,3.28,85.0,31.0,8.7,105.0,EA Games,T
281,Gears of War: Ultimate Edition,XOne,2015.0,Shooter,Microsoft Game Studios,2.61,0.33,0.0,0.34,3.28,82.0,74.0,7.5,563.0,"Splash Damage, The Coalition",M
282,True Crime: Streets of LA,PS2,2003.0,Action,Activision,1.89,1.05,0.02,0.31,3.27,77.0,39.0,8.0,94.0,"Luxoflux, Inc.",M
283,Professor Layton and the Unwound Future,DS,2008.0,Puzzle,Nintendo,0.6,1.57,0.82,0.27,3.26,86.0,62.0,9.2,111.0,Level 5,E10+
284,FIFA 16,XOne,2015.0,Sports,Electronic Arts,0.89,2.12,0.0,0.24,3.25,84.0,45.0,4.4,459.0,EA Sports,E
285,Wii Music,Wii,2008.0,Misc,Nintendo,1.35,1.11,0.46,0.32,3.25,63.0,43.0,4.6,116.0,Nintendo,E
286,Madden NFL 16,PS4,2015.0,Sports,Electronic Arts,2.34,0.3,0.0,0.6,3.24,83.0,37.0,5.9,180.0,EA Sports,E
287,Gran Turismo 6,PS3,2013.0,Racing,Sony Computer Entertainment,0.72,1.67,0.4,0.44,3.23,81.0,81.0,7.7,758.0,Polyphony Digital,E
288,Halo: The Master Chief Collection,XOne,2014.0,Shooter,Microsoft Game Studios,1.91,1.0,0.03,0.29,3.23,85.0,69.0,7.2,1267.0,343 Industries,M
289,Super Mario Maker,WiiU,2015.0,Platform,Nintendo,1.18,0.89,0.94,0.2,3.21,88.0,85.0,8.7,691.0,Nintendo,E
290,God of War: Chains of Olympus,PSP,2008.0,Action,Sony Computer Entertainment,1.48,1.0,0.04,0.66,3.18,91.0,79.0,8.6,565.0,Ready at Dawn,M
291,Enter the Matrix,PS2,2003.0,Action,Atari,1.78,1.12,0.09,0.19,3.18,62.0,30.0,8.1,137.0,Shiny Entertainment,T
292,Crisis Core: Final Fantasy VII,PSP,2007.0,Role-Playing,Square Enix,1.35,0.59,0.8,0.43,3.18,83.0,67.0,8.0,463.0,Square Enix,T
293,Dance Central,X360,2010.0,Misc,MTV Games,2.15,0.76,0.01,0.26,3.17,82.0,63.0,7.6,85.0,Harmonix Music Systems,T
294,L.A. Noire,PS3,2011.0,Adventure,Take-Two Interactive,1.27,1.29,0.12,0.49,3.17,89.0,78.0,7.7,1010.0,Team Bondi,M
295,Ace Combat 04: Shattered Skies,PS2,2001.0,Simulation,Sony Computer Entertainment Europe,2.06,0.56,0.38,0.17,3.17,89.0,22.0,9.1,95.0,Namco,E
296,Animal Crossing,GC,2001.0,Simulation,Nintendo,1.92,0.16,0.99,0.09,3.15,87.0,42.0,8.9,137.0,Nintendo,E
297,FIFA Soccer 08,PS2,2007.0,Sports,Electronic Arts,0.68,0.0,0.0,2.46,3.14,83.0,12.0,6.5,36.0,EA Canada,E
298,Spider-Man,PS,2000.0,Action,Activision,1.7,1.25,0.02,0.16,3.13,87.0,19.0,9.0,107.0,Neversoft Entertainment,E
299,Mario Party 9,Wii,2012.0,Misc,Nintendo,1.06,1.09,0.76,0.22,3.13,73.0,45.0,6.8,155.0,Nd Cube,E
300,Sonic Rush,DS,2005.0,Platform,Sega,1.21,1.56,0.06,0.29,3.12,82.0,43.0,8.5,101.0,"Dimps Corporation, Sonic Team",E
301,Rhythm Heaven,DS,2008.0,Misc,Nintendo,0.55,0.5,1.93,0.13,3.11,83.0,48.0,9.0,63.0,Nintendo,E
302,Fallout: New Vegas,PS3,2010.0,Role-Playing,Bethesda Softworks,1.52,1.03,0.1,0.46,3.11,82.0,57.0,7.8,492.0,Obsidian Entertainment,M
303,Personal Trainer: Cooking,DS,2006.0,Misc,Nintendo,0.9,1.0,1.03,0.17,3.11,81.0,12.0,7.8,10.0,Indies Zero,E
304,The Elder Scrolls IV: Oblivion,PS3,2007.0,Role-Playing,Ubisoft,1.69,0.85,0.14,0.43,3.1,93.0,45.0,8.0,604.0,4J Studios,M
305,The Legend of Zelda: A Link Between Worlds,3DS,2013.0,Action,Nintendo,1.4,1.01,0.46,0.23,3.1,91.0,81.0,8.9,1057.0,Nintendo,E
306,Resident Evil 6,PS3,2012.0,Shooter,Capcom,0.88,0.94,0.88,0.4,3.1,74.0,34.0,5.4,1304.0,Capcom,M
307,Mass Effect 2,X360,2010.0,Role-Playing,Electronic Arts,1.99,0.81,0.03,0.27,3.1,96.0,98.0,8.9,3143.0,BioWare,M
308,Dragon Ball Z: Budokai,PS2,2002.0,Fighting,Atari,2.17,0.28,0.55,0.08,3.09,67.0,28.0,7.9,71.0,Dimps Corporation,T
309,Madden NFL 2002,PS2,2001.0,Sports,Electronic Arts,2.5,0.16,0.01,0.42,3.08,94.0,23.0,7.9,46.0,EA Sports,E
310,The Sims: Vacation,PC,2002.0,Simulation,Electronic Arts,1.72,1.21,0.0,0.14,3.07,75.0,18.0,7.8,22.0,Maxis,T
311,LEGO Batman: The Videogame,Wii,2000.0,Action,Warner Bros. Interactive Entertainment,1.8,0.97,0.0,0.29,3.06,74.0,17.0,7.9,22.0,Traveller's Tales,E10+
312,Animal Crossing: Happy Home Designer,3DS,2015.0,Simulation,Nintendo,0.51,1.02,1.4,0.12,3.05,66.0,60.0,6.9,106.0,Nintendo,E
313,The Sims 4,PC,2014.0,Simulation,Electronic Arts,1.0,1.82,0.0,0.23,3.05,70.0,74.0,3.9,2057.0,Maxis,T
314,Borderlands 2,X360,2012.0,Shooter,Take-Two Interactive,1.89,0.88,0.04,0.25,3.05,89.0,59.0,8.2,892.0,Gearbox Software,M
315,LEGO Batman: The Videogame,DS,2008.0,Action,Warner Bros. Interactive Entertainment,1.75,1.01,0.0,0.29,3.05,72.0,16.0,8.0,16.0,TT Fusion,E10+
316,Kung Fu Panda,X360,2008.0,Action,Activision,1.91,0.84,0.0,0.29,3.04,75.0,42.0,7.4,32.0,"Luxoflux, Inc.",E10+
317,Mass Effect 3,X360,2012.0,Role-Playing,Electronic Arts,1.94,0.84,0.03,0.24,3.04,93.0,74.0,5.8,3725.0,BioWare,M
318,Heavy Rain,PS3,2010.0,Adventure,Sony Computer Entertainment,1.29,1.21,0.06,0.47,3.03,87.0,107.0,7.7,2759.0,Quantic Dream,M
319,Saints Row 2,X360,2008.0,Action,THQ,1.94,0.79,0.02,0.28,3.03,81.0,75.0,8.1,307.0,Volition Inc.,M
320,Tom Clancy's Splinter Cell,XB,2002.0,Action,Ubisoft,1.85,1.04,0.0,0.13,3.02,93.0,46.0,8.5,121.0,Ubisoft Montreal,T
321,FIFA 14,PS4,2013.0,Sports,Electronic Arts,0.61,1.85,0.11,0.44,3.01,87.0,26.0,6.3,616.0,EA Canada,E
322,Killzone 2,PS3,2009.0,Shooter,Sony Computer Entertainment,1.4,1.06,0.08,0.47,3.01,91.0,94.0,8.1,1505.0,Guerrilla,M
323,Far Cry 3,X360,2012.0,Shooter,Ubisoft,1.38,1.32,0.02,0.28,3.0,91.0,39.0,8.6,1247.0,Ubisoft Montreal,M
324,Epic Mickey,Wii,2010.0,Platform,Disney Interactive Studios,2.04,0.63,0.12,0.22,3.0,73.0,78.0,7.0,131.0,Junction Point,E
325,NBA 2K13,X360,2012.0,Sports,Take-Two Interactive,2.6,0.2,0.01,0.19,3.0,88.0,41.0,7.2,131.0,Visual Concepts,E
326,Dragon Ball Z: Budokai Tenkaichi 3,PS2,2007.0,Fighting,Atari,1.15,0.0,0.76,1.09,3.0,73.0,24.0,9.2,173.0,"Spike, Namco Bandai Games",T
327,The Sims: Livin Large,PC,2000.0,Misc,Electronic Arts,1.67,1.18,0.0,0.13,2.99,82.0,23.0,6.6,20.0,Maxis,T
328,World Soccer Winning Eleven 6 International,PS2,2002.0,Sports,Konami Digital Entertainment,0.12,1.26,1.16,0.45,2.99,93.0,24.0,9.1,65.0,KCET,E
329,Devil May Cry,PS2,2001.0,Action,Capcom,1.36,0.86,0.64,0.13,2.99,94.0,37.0,8.5,466.0,Capcom,M
330,Star Wars: The Old Republic,PC,2011.0,Role-Playing,Electronic Arts,1.58,1.01,0.0,0.38,2.96,85.0,73.0,5.9,2748.0,"LucasArts, BioWare",T
331,Middle-Earth: Shadow of Mordor,PS4,2014.0,Action,Warner Bros. Interactive Entertainment,1.01,1.43,0.05,0.47,2.96,84.0,85.0,8.1,1886.0,Monolith Productions,M
332,Sonic Heroes,PS2,2003.0,Platform,Sega,1.04,1.37,0.06,0.49,2.96,64.0,29.0,7.8,94.0,Sonic Team,E
333,Hitman 2: Silent Assassin,PS2,2002.0,Action,Eidos Interactive,1.36,1.15,0.04,0.41,2.96,85.0,19.0,7.8,78.0,Io Interactive,M
334,Titanfall,XOne,2014.0,Shooter,Electronic Arts,1.84,0.8,0.04,0.27,2.95,86.0,68.0,6.4,2658.0,Respawn Entertainment,M
335,Battlefield: Bad Company 2,PS3,2010.0,Shooter,Electronic Arts,1.33,1.1,0.08,0.44,2.95,88.0,59.0,8.5,572.0,EA DICE,M
336,SOCOM II: U.S. Navy SEALs,PS2,2003.0,Shooter,Sony Computer Entertainment,2.22,0.51,0.06,0.15,2.94,87.0,42.0,9.0,93.0,Zipper Interactive,M
337,Pac-Man Collection,GBA,2001.0,Puzzle,Atari,2.07,0.77,0.05,0.05,2.94,79.0,13.0,7.8,4.0,Mass Media,E
338,Street Fighter IV,X360,2009.0,Fighting,Capcom,1.82,0.7,0.15,0.26,2.94,93.0,77.0,7.3,292.0,Capcom,T
339,inFAMOUS,PS3,2009.0,Action,Sony Computer Entertainment,1.76,0.68,0.12,0.37,2.93,85.0,98.0,8.3,1172.0,Sucker Punch,T
340,Kirby Super Star Ultra,DS,2008.0,Platform,Nintendo,1.55,0.04,1.19,0.15,2.92,76.0,40.0,8.8,76.0,HAL Labs,E
341,Call of Duty: Ghosts,XOne,2013.0,Shooter,Activision,1.88,0.77,0.0,0.27,2.92,78.0,7.0,4.3,700.0,Infinity Ward,M
342,Mass Effect,X360,2007.0,Role-Playing,Microsoft Game Studios,1.83,0.79,0.03,0.27,2.91,91.0,74.0,8.7,1692.0,BioWare,M
343,Sonic Mega Collection Plus,PS2,2004.0,Misc,Sega,1.54,1.14,0.0,0.22,2.9,73.0,21.0,8.6,30.0,Sonic Team,E
344,World Soccer Winning Eleven 7 International,PS2,2003.0,Sports,Konami Digital Entertainment,0.08,1.24,1.13,0.45,2.9,93.0,28.0,9.0,45.0,KCET,E
345,Sega Superstars Tennis,X360,2008.0,Sports,Sega,1.75,0.86,0.0,0.28,2.89,67.0,45.0,6.8,18.0,Sumo Digital,E10+
346,Hot Shots Golf 3,PS2,2001.0,Sports,Sony Computer Entertainment,0.99,0.32,1.38,0.2,2.89,85.0,30.0,8.9,16.0,Clap Hanz,E
347,Cooking Mama: Cook Off,Wii,2007.0,Simulation,505 Games,1.41,1.12,0.05,0.3,2.89,61.0,37.0,5.3,23.0,OfficeCreate,E
348,Call of Duty: Finest Hour,PS2,2004.0,Shooter,Activision,1.51,1.12,0.01,0.24,2.89,76.0,49.0,7.7,69.0,Spark Unlimited,T
349,WarioWare: Smooth Moves,Wii,2006.0,Puzzle,Nintendo,0.86,1.04,0.73,0.26,2.89,83.0,61.0,7.4,179.0,Intelligent Systems,E10+
350,Madden NFL 13,X360,2012.0,Sports,Electronic Arts,2.53,0.15,0.0,0.17,2.86,81.0,36.0,5.8,179.0,EA Tiburon,E
351,The Elder Scrolls III: Morrowind,XB,2002.0,Role-Playing,Ubisoft,2.09,0.63,0.03,0.11,2.86,87.0,34.0,8.7,111.0,Bethesda Softworks,T
352,Assassin's Creed IV: Black Flag,PS4,2013.0,Action,Ubisoft,1.07,1.31,0.06,0.42,2.85,83.0,29.0,7.8,1530.0,Ubisoft,M
353,Mortal Kombat,PS3,2011.0,Fighting,Warner Bros. Interactive Entertainment,1.98,0.53,0.0,0.34,2.84,84.0,60.0,8.4,494.0,NetherRealm Studios,M
354,Madden NFL 10,X360,2009.0,Sports,Electronic Arts,2.52,0.09,0.0,0.22,2.83,85.0,58.0,6.1,90.0,EA Tiburon,E
355,BioShock,X360,2007.0,Shooter,Take-Two Interactive,1.65,0.85,0.05,0.28,2.83,96.0,88.0,8.9,2249.0,"Irrational Games, 2K Marin",M
356,Metroid Prime,GC,2002.0,Shooter,Nintendo,1.96,0.67,0.1,0.09,2.82,97.0,70.0,9.3,747.0,Retro Studios,T
357,Assassin's Creed: Brotherhood,PS3,2010.0,Action,Ubisoft,1.87,0.55,0.11,0.29,2.82,90.0,59.0,8.2,791.0,Ubisoft Montreal,M
358,Medal of Honor,PS3,2010.0,Shooter,Electronic Arts,1.28,1.04,0.07,0.42,2.81,75.0,56.0,7.5,286.0,"EA DICE, Danger Close",M
359,inFAMOUS: Second Son,PS4,2014.0,Action,Sony Computer Entertainment,1.28,0.98,0.07,0.46,2.79,80.0,90.0,7.9,2944.0,Sucker Punch,T
360,NBA Street,PS2,2001.0,Sports,Electronic Arts,2.19,0.22,0.0,0.38,2.79,89.0,22.0,8.6,39.0,NuFX,E
361,Jak II,PS2,2003.0,Platform,Sony Computer Entertainment,1.68,0.74,0.0,0.36,2.78,87.0,47.0,8.2,241.0,Naughty Dog,T
362,Need for Speed: Hot Pursuit,PS3,2010.0,Racing,Electronic Arts,1.05,1.23,0.03,0.47,2.78,89.0,59.0,7.2,301.0,Criterion Games,E10+
363,Skylanders: Spyro's Adventure,Wii,2011.0,Action,Activision,1.35,1.13,0.0,0.3,2.78,81.0,11.0,5.6,31.0,Toys for Bob,E10+
364,Battlefield 3,PC,2011.0,Shooter,Electronic Arts,0.89,1.43,0.0,0.46,2.78,89.0,61.0,7.5,4926.0,EA DICE,M
365,Mortal Kombat X,PS4,2015.0,Fighting,Warner Bros. Interactive Entertainment,1.5,0.8,0.0,0.48,2.78,83.0,81.0,7.7,836.0,"Warner Bros. Interactive Entertainment, NetherRealm Studios",M
366,The Sims,PS2,2003.0,Simulation,Electronic Arts,1.41,1.12,0.0,0.24,2.77,83.0,33.0,7.7,46.0,Edge of Reality,T
367,Killzone 3,PS3,2011.0,Shooter,Sony Computer Entertainment,1.45,0.86,0.09,0.38,2.77,84.0,85.0,7.9,942.0,Guerrilla,M
368,Star Wars: The Force Unleashed,X360,2008.0,Action,LucasArts,1.74,0.77,0.0,0.26,2.77,73.0,74.0,6.7,389.0,LucasArts,T
369,Yoshi's Island DS,DS,2006.0,Platform,Nintendo,1.45,0.07,1.1,0.15,2.76,81.0,42.0,7.4,67.0,Artoon,E
370,Saints Row: The Third,X360,2011.0,Action,THQ,1.25,1.14,0.07,0.3,2.76,84.0,70.0,7.6,490.0,Volition Inc.,M
371,Tekken 6,PS3,2009.0,Fighting,Namco Bandai Games,1.2,0.97,0.17,0.42,2.75,79.0,63.0,7.4,211.0,Namco Bandai Games,T
372,Sonic and the Secret Rings,Wii,2007.0,Platform,Sega,1.21,1.19,0.04,0.29,2.73,69.0,44.0,6.6,174.0,Sonic Team,E
373,The Legend of Zelda: A Link to the Past,GBA,2002.0,Action,Nintendo,1.75,0.52,0.33,0.1,2.7,95.0,30.0,9.1,314.0,Capcom,E
374,Onimusha: Warlords,PS2,2001.0,Action,Virgin Interactive,0.99,0.48,1.09,0.14,2.7,86.0,23.0,8.2,56.0,Capcom,M
375,L.A. Noire,X360,2011.0,Adventure,Take-Two Interactive,1.52,0.92,0.02,0.24,2.7,89.0,83.0,7.8,893.0,Team Bondi,M
376,Call of Duty 3,X360,2006.0,Shooter,Activision,1.49,0.92,0.02,0.27,2.7,82.0,71.0,6.5,233.0,Treyarch,T
377,Madden NFL 12,X360,2011.0,Sports,Electronic Arts,2.42,0.11,0.0,0.16,2.69,78.0,55.0,5.9,94.0,EA Tiburon,E
378,LEGO Star Wars II: The Original Trilogy,PS2,2006.0,Action,LucasArts,1.85,0.64,0.01,0.19,2.69,84.0,32.0,9.0,41.0,Traveller's Tales,E10+
379,Killzone: Shadow Fall,PS4,2013.0,Shooter,Sony Computer Entertainment,0.89,1.33,0.08,0.39,2.69,73.0,88.0,6.8,2102.0,Guerrilla,M
380,Madden NFL 11,X360,2010.0,Sports,Electronic Arts,2.38,0.12,0.0,0.18,2.69,84.0,47.0,5.7,120.0,EA Tiburon,E
381,Burnout 3: Takedown,PS2,2004.0,Racing,Electronic Arts,1.23,1.11,0.0,0.34,2.68,93.0,52.0,9.1,271.0,Criterion Games,T
382,Mario vs. Donkey Kong: Mini-Land Mayhem!,DS,2010.0,Puzzle,Nintendo,1.63,0.51,0.35,0.18,2.67,79.0,51.0,7.7,18.0,Nintendo,E
383,Professor Layton and the Last Specter,DS,2009.0,Puzzle,Nintendo,0.28,1.39,0.68,0.32,2.67,83.0,58.0,8.7,52.0,Level 5,E10+
384,Call Of Duty 2: Big Red One,PS2,2005.0,Shooter,Activision,1.48,0.92,0.01,0.26,2.67,77.0,39.0,8.2,69.0,Treyarch,T
385,Medal of Honor,PS,1998.0,Shooter,Electronic Arts,1.44,1.09,0.0,0.14,2.67,92.0,17.0,8.6,80.0,Dreamworks Interactive,T
386,Fable,XB,2004.0,Role-Playing,Microsoft Game Studios,1.99,0.58,0.0,0.09,2.66,85.0,87.0,8.5,268.0,Big Blue Box,M
387,Guitar Hero: World Tour,X360,2008.0,Misc,Activision,1.78,0.63,0.0,0.25,2.66,85.0,67.0,6.3,171.0,Neversoft Entertainment,T
388,FIFA 17,XOne,2016.0,Sports,Electronic Arts,0.43,2.05,0.0,0.17,2.65,84.0,50.0,5.5,201.0,"EA Sports, EA Vancouver",E
389,Tom Clancy's Splinter Cell,PS2,2003.0,Action,Ubisoft,1.15,1.11,0.0,0.4,2.65,89.0,24.0,7.7,102.0,Ubisoft Shanghai,T
390,Need for Speed: Shift,PS3,2009.0,Racing,Electronic Arts,0.69,1.4,0.04,0.52,2.65,84.0,55.0,6.9,113.0,Slightly Mad Studios,E
391,Medal of Honor Heroes,PSP,2006.0,Shooter,Electronic Arts,0.86,1.11,0.01,0.66,2.65,71.0,24.0,7.9,47.0,Team Fusion,T
392,Final Fantasy XIII-2,PS3,2011.0,Role-Playing,Square Enix,0.78,0.73,0.89,0.23,2.63,79.0,53.0,6.6,707.0,Square Enix,T
393,Midnight Club: Street Racing,PS2,2000.0,Racing,Take-Two Interactive,2.0,0.47,0.02,0.14,2.63,78.0,18.0,7.8,21.0,Angel Studios,T
394,Skate 3,X360,2010.0,Sports,Electronic Arts,1.47,0.93,0.0,0.24,2.63,80.0,65.0,8.0,127.0,EA Black Box,T
395,ESPN NFL 2K5,PS2,2004.0,Sports,Sega,2.15,0.12,0.0,0.36,2.62,90.0,37.0,8.2,84.0,Visual Concepts,E
396,Halo Wars,X360,2009.0,Strategy,Microsoft Game Studios,1.54,0.8,0.04,0.24,2.62,82.0,92.0,7.2,454.0,Ensemble Studios,T
397,NBA 2K12,X360,2011.0,Sports,Take-Two Interactive,2.31,0.14,0.01,0.16,2.62,90.0,42.0,7.7,134.0,Visual Concepts,E
398,FIFA Soccer 10,X360,2009.0,Sports,Electronic Arts,0.59,1.79,0.01,0.23,2.62,90.0,63.0,7.5,133.0,EA Sports,E
399,Medal of Honor,X360,2010.0,Shooter,Electronic Arts,1.56,0.8,0.04,0.21,2.61,74.0,71.0,6.7,288.0,"Dice, Danger Close",M
